reviewId,content
7c616a1c-e419-488b-bde7-890c3f31c384,Digital Talent ngk jelas.. Kenapa sih penerimaan sertifikat pelatihan nya lama sekali.. Yang offline hanya butuh menunggu sebulan untuk menerima sertifikat nya.. Sedangkan yang online butuh 4 bulan untuk mendapatkan sertifikat nya.. Di tambah benefit biaya komunikasi tidak diberikan sama sekali.. Kami para peserta pelatihan kualahan menunggu nya... Korupsi sekali kalian wahai Kominfo
be365fd7-2042-4d23-9633-c95c08f50f65,Trimksh untuk pelatihan nya.. Sangat bermanfaat.. Good job.. Digitalent.. ğŸ‘
c8f2870e-1a8a-44fc-b998-a25db5a4f61a,"Terima kasih kominfo melalui BPPTIK yang sudah menyelenggarakan pelatihan dan sertifikasi kompetensi, pelatihan yang ada semuanya menarik dan sejauh ini selama saya mengikuti pelatihan menurut saya pelatih dan assesor bagus dan memotivasi, kedepannya saya harap lebih banyak lagi jenis pelatihan di wilayah sumatera terkhusus kota bengkulu. Terima kasih"
6e5267d0-8702-49ae-9a55-646a938b82f8,Belum coba ... Karena yang saya siriti biasanya aplijasi penerintah rerata UI gak suppirt dark mofe / tema gelap
d55ffc5d-c703-483e-8b8c-907992375efc,Terima kasih Kominfo atas pelayanan dan pelatihannya untuk kami yang ingin selalu belajar dan mengembangkan diri terutama di bidang TIK.
b8498a59-7b69-4455-bda8-3faf5b5a54e2,"Lagi pelatihan FGA, pake absen scan qris tapi lambat skali. Error terus padahal bagus jaringan. Akhirnya tidak absen krna terlambat masuk. Mngkin krna banyak yg akses jadi lambat. Tolong di perbaiki"
28de9e91-22ca-4071-84d6-5eb5e79ba62a,Hallo min tong di perbaiki dong itu yg bagian pendaftaran terutama pada bagian pengisian asal perguruan tinggi itu formnya kurang responsif ada delaynya pas kita ketik. terimakasih semoga lebih baik lagiğŸ‘
4c93f7db-7106-4ca4-83a5-6047b1c66b0b,Sangat menarik Dan menambah wawasan
8ff4135d-7217-4c5d-8fc2-ec97bff88643,semoga aplikasinya dapat mengatasi bug dan berjalan dengan lancar
3849f36d-4a3a-4b46-8fc0-decce36859f9,Tolong buat menu histori/riwayat pelatihan yg pernah di ikuti dan tombol download e-sertifikat nya
20f2efca-26a0-4a97-85ee-d614681ce712,"Gak bisa login, masalah connection padahal jaringan bagus"
9bdeed96-bfc1-4225-9db0-ea5a0e258082,"Susah untuk Pengisian Form, Sudah Pilih Jenjang SMK/SMA Sederajat tapi Kok masih disuruh memasukkan Fakultas dan Asal Perguruan Tinggi?? Mau diisi apa??? Apalagi tidak bisa diklik SELANJUTNYA dan harus isi Fakultas dan asal Perguruan??? Ini gimana sihh... Ribet juga harus Buat File PDF Ijazah dan Transkrip Nilai, padahal pakai JPG harusnya Cukup dan ada keterangan PDF/JPG, tapi tidak bisa pakai JPG... Haduhh"
87fa3995-214b-4b50-83ed-44a99245aefb,"Aplikasi nya bikin hp saya error, volume naik turun ghoib, padahal volume hp nya tidak di pencet. Trus gabisa matikan daya karena aplikasi ini, akhirnya masuk ke mode discovery dan langsung hp saya aktifin mode safe mode. Intinya aplikasi ini bikin hp saya error dan gabisa berfungsi dengan normal. Pas saya hapus aplikasi ini tiba-tiba langsung lancar jaya hp saya dan gaada error volume naik turun secara ghoib. Intinya aplikasi ini belum optimal dan masih perlu perbaikan total."
e73e3572-b091-4095-b23a-5c3d5845598e,"Pengalaman di bilang teknik elektro, pernah belajar bahasa fortran. Selama ini selalu berhubungan dengan dunia elektro dan informatika. Karena dunia elektro dan informatika mengalami perkembangan sangat pesat dalam bidang teknologi terutama dalam bidang AT. Maka saya berkeinginan menambah pengetahuan dalam bidang AT Terutama perkembangan AI. Sebelum saya ucapkan terimakasih atas kesempatan bila dapat ikut dalam perkembangan AI."
8739832a-cb92-4fa4-aa60-3163487de602,"UI/UX nya sangat amat smooth, beda sekali dengan apk institusi yang lain. Sangat informatif juga."
670323cb-2781-4b95-8d3b-8165f3f8e212,Hai kak saya berharap digital kominfo juga memberikan pelatihan untuk Vocational School Graduate Academy Dengan jenis pelatihan yang sama seperti pada fresh graduate ya karna saya lihat banyak pelatihan ternama pada bagian freshgraduate seperti google AWS dll namun pada Vocational hanya sedikit dan terlalu banyak requirmentsnya padahal banyak dari lulusan tersebut yg membutuhkan course dari beberapa pelatihan ternama untuk dapat mencari kerja akan lebih baik jika diberikan akses ke kami juga...
36e15b8a-53b6-4a33-8310-196a8f7bffd3,Bintang satu dulu.. ada bug di galaxy j7 plus.. android versi 7.1.1. saat registrasi tahap kedua.. selalu error network.. akhirnya saya tidak bisa ikut bootcamp..
3445d32c-cb35-4e96-ac72-d6aa832aa69e,Sangat membantu untuk mendapatkan informasi beasiswa S2
dc08b136-2723-4f69-bf71-68d885edd275,"Mohon perbaiki bug untuk android lawas seperti android versi 5.0/6.0, saat masuk aplikasi hanya blank whitescreen dan tidak muncul-muncul konten."
1c2bc32f-5ed4-4360-b835-34ee696e37f6,"aplikasi bagus2 aja, sistemnya yg bobrok, 1. mau daftar pelatihan error, tertulis pelatihan belum selesai (tidak jelas kita udh selesai pelatihan sebelumnya tp butuh seminggu lebih buat update), 2. setelah itu muncul error kita tdk dpt mendaftar pelatihan yg sama (lah? perusahaannya sama tp temanya berbeda), 3. Tanya ke admin di WA, ""tidak bisa karena kebijakan perusahaan terkait"" kocak,,, pdhl perwakilan perusahaannya yg bilang langsung kalo BISA, di zoom/discord org dts tdk prnh muncul WKWKWK"
edb29994-30e3-417e-92ad-863c27c06e86,"Inspiratif, sangat bermanfaat sekali"
c013bd77-221c-4cd7-ad82-fd14fda743c2,Kegiatan ini sangat membatu kami para guru dalam meningkatkan kemapuan Pembelajaran di era digital
06278b7c-5a47-49ec-b7a7-eda55d8f53e0,"Pada tanggal 25 -30 September 2023 lalu di perpanjang sampai 1 Oktober di bukalah sebuah pendaftaran kegiatan pelatihan dari BPSDM Medan disitus resmi ini. Di Flayer kegiatan disediakan pula Gform Pendaftaran. Namun tidak ada satupun media untuk mengumumkan kelulusan. Dan teman saya di terima karna mendaftar menggunakan Gform, disitus resmi malah tidak ada. Saya kecewa sekali untuk apa aplikasi dibuat jika penyelenggara menerima pendaftaran dengan Gform saja, di apk ini juga gk ada info yg jelas"
34c2fc1e-cf71-45b4-afaa-9548e26bf416,"Saat login selalu gagal, padahal email dan password sudah benar. Bahkan sampai install aplikasi, kalo login di aplikasi bisa tapi di web tidak bisa. Loadingnya juga lama. Fitur ubah data diri juga cuma bisa ubah alamat, lalu buat apa fitur ubah data diri kalo gak bisa ganti yang lain?. Tolong segera diperbaiki."
d6c144bc-0437-4d21-856a-03b93e2cd781,Saya diminta update data setelah login tapi pada saat submit data dibilang NIK sudah terdaftar. Jadi sampai dengan sekarang saya gak bisa login dan gak tau harus komplain ke mana? Terima kasih.
8f488de0-c7f0-438e-8e69-7858009bf582,"Aplikasi & Website hanya bisa diakses melalui beberapa ISP saja, saya coba ping ke main domain kominfo.go.id aman tetapi ke sub domain digitalent rto. Semoga bisa cepat diperbaiki. Terimakasih"
59119027-e15c-499f-9760-a88bbec39fc5,Susah banget daftarnya padahal udah bener masukin kata sandi buat login tapi selalu di bilang salah. Udah dicoba juga ganti password abis tu di salin sekalian biar ngak salah tapi tetep aja ngak bisa
c2f1f5ef-7fbf-40ce-83a8-e3addbcb49f9,"Sangat Buruk Sekali, saat sya Memulai Tes Substansi malah error lalu muncul status Tes substansi selesai, mau nya apasih, app mobile gk guna situs web pun gk guna, ERRORRR TERUSS, developer emang gak guna jg"
0d09462b-b43e-491e-86e6-5d1124777111,"Aplikasinya masih banyak bug, dan tidak sesuai dengan perkataan, yaitu tidak dilengkapi notifikasi ketika dibukakan absen"
3f52ddda-1038-42e9-ae38-0afb13853a32,"Fiturnya sedikit, fungsinya kurang, tampilan kurang lengkap masih mending buka pakai web browser"
cb60e497-6000-4b8c-940a-b0046a81bb0c,"Berharap dengan adanya Maintenance Sistem akan memperbaiki sistem dengan lebih baik lagi. Seperti mengurangi bug, mengoptimalkan sistem ketika berjalan/digunakan, dan meningkatkan kualitas keamanan untuk menjaga ke-privasian data pengguna (user)"
d0d57237-d2cf-43e8-bb2a-24b03dd645a2,"Update tentang lulus tidaknya terlalu lama, jadi di email tidak lulus tapi di aplikasi masih proses seharusnya lebih on time pengumuman dengan updatenya berharap diperbaiki ."
377b975e-4c01-4adb-8a73-66dca19e7298,Masih Perlu Banyak Perbaikan... Jika Ingin diterapkan ada baiknya di cek apakah kapasitas server sudah mumpuni agar tidak terjadi error load server saat sosialisasi ğŸ‘
7e4283d3-1237-44b0-a62e-26c64a071281,Tolong diperbaki untuk ver. Android 5.0 ada kendala tidak bisa masuk ke menu tampilan. stuck blackscreen/whitescreen
1dc7bf7c-b335-41c1-80b6-de13728a11eb,"Alhamdulillah, terbantu dengan aplikasi ini untuk pelatihan dan dapat kesempatan bekerja di mitra yang menyelenggarakan pelatihan. Lanjutkan dan tingkatkan!!, good job"
d58034e1-d482-4526-96ce-f257b86c8e73,Aplikasi mudah digunakan dan informasi selalu updateğŸ‘ğŸ‘
02657a11-dcd3-4c21-a460-8be33c4030df,"sesimpel memperhatikan kestabilan aplikasi sudah sangat mantap apalagi dikasih tampilan yang menarik, makasihğŸ˜‰"
928028b1-ed95-49da-ad72-d4f532d52afd,"Mantap ,langsung bisa di gunakan aplikasinya ,banyak sekali info pelatihan, dan workshop yg berguna untuk menambah ilmu dan wawasan"
c26ba012-762c-4afa-8900-979b1b7e3c12,Aplikasi yg berikan wawasan dalam pelatihan ilmu digital dalam tingkatkan SDM dengan baik dari Kominfo
477d2c57-56ee-4b62-867b-1f9d6c7f1b0f,"Semoga terus berkembang, dan menjadi kepercayaan jujur dan adil, secara terbuka dan transparan, tanpa ada unsur korupsi, sebagai wadah pembuka lapangan kerja dan education demi anak anak bangsa yang ingin berkarya,.."
44da9e6d-4732-4560-80e2-34491b7decab,Menjadi sesuatu yang brhrga di era digital 5.0 skrng
fd911a83-b5bf-4f4a-817a-85517e7d8831,"Terimakasih utk pelatihannya, sangat bermanfaat dan sesuai kebutuhan saat ini"
bd6d71d9-42f5-4a0b-b347-6e331f0f50cc,Banyak pelatihan yang membantu UMKM dan guru yang dilaksanakan
ab917cb0-9300-42d3-acd7-5c0fb75dd803,Mantap semoga bermanfaat buat saya
0330e583-f5c1-436f-a427-c42e55ae9303,Kenapa ya kalau aplikasi plat merah pasti ada aja kendalanya. Dari aplikasi disuruh reset kata sandi tapi malah error terus
8e140ed4-2a83-4ecb-896e-2e67f05690d4,untuk pelatihan sangat bagus tetapi untuk aplikasi terkadang eror pas mau daftar
1cdf6047-7545-4cd7-a11b-03cab0686d48,"ok bgt, maju terus Kominfo, Indonesia genius digital"
ac1dbbfa-fddd-4b9a-8959-18d63f53734e,"Kayaknya ga support di versi hp saya ni atau emang lagi error' ya gabisa dibuka, semoga lebih baik lagi aplikasi nya dan kalo bisa dapat diakses semua versi android"
27ca6943-5926-4e2b-8f46-64b1d0b2c1b7,Harusnya yg tidak lolos administrasi atau ujian pas masuk pelatihan jangan dibilang tidak lulus...karna kata tidak lulus agak terasa menyakitkan... kan lulus hanya untuk yg selesai menyelesaikan pembelajaran...
706ebcc9-490f-4867-bd29-969a18f64e22,"semoga bisa diperhatikan lagi case untuk mendaftar lagi setelah dinyatakan selesai masih belum berjalan baik. di home tertulis 0 proses, namun saat mendaftar tertera masih ada pelatihan belum selesai"
1f006880-7177-4ef3-8a8e-79c524db3ebc,"Kenapa aplikasi mobile atau website ketika register akun, kode otp tidak terkirim di email? Sudah beberapa kali saya ganti email tetap saja tidak masuk kode otpnya.."
ece1e779-5d1c-4c9d-90d0-df39ac77e8d0,"Alhamdulillah dapat link info ini dari teman hidup saya, dulu pernah ikut tapi hanya sebatas sosis terkait cakap digital; ternyata di dalamnya ada LMS dan segudang pelatihan, yng bisa dijadikan batu loncatan pekerjaan bagi yang membutuhkan, sehingga dapat lanjut ke Profesionalitas yang diinginkannya. okay... lanjutkan dan jangan lupa berbagi PULSA atau giveaway lainnya yaa min...."
90d72811-600a-4c29-84da-5029f6361045,"Jangan APK doang yang dibenerin, tuh web ,masak baru tekan tes substansi langsung tulisan telah dikerjakan disilang malah tulisan selesai, kalo krja yang bener lah"
2557c291-cf57-40d1-977f-8d4fa422fd53,"Sangat mmebantu, sangat baik, semoga kedepannya bisa lebih baik lagi dan fitur kemampuan aplikasi semoga semakin lengkap sesuai dengan masyarakat indonesia"
3dbe2d0a-92b0-4cbb-b46e-8f82a39f2c0f,"Eror aja terus, periksa koneksi periksa koneksi. Benerin dulu aplikasinya jangan nyalahin koneksi"
303bbe63-5128-42f0-9cb5-01209ba3b155,"Pengisian survey tidak bisa di skip, mengganggu. Sertifikat g bisa didownload setelah lewat 3 bulan"
9b18c196-fa2b-4ba6-b0cf-564ef9530a7d,"Sangat baik, terus semangat untuk memberi yang terbaik di bidang digitalisasi.."
f9f9c7d9-6c7a-46c3-bf83-2edfbe0ebe66,Aplikasinya bagus tapi hanya untuk orang yang punya ijazah sedangkan yang gak punya ijazah gak ada pelatihannya
6ff505a7-8386-46bd-8f60-a31b12af7b3a,"Sangat disarankan,materi yang disampaikan sangatlah bermanfaat bagi pelaku umkm dan masyarakat"
5a05a819-e0ef-4136-9a53-7959d3ea7e1a,Sangat membantu
723c97b6-d707-416e-8b63-5277eeb02210,aplikasi yg bagus buat menambah ilmu kita dibidang digital selain itu ada banyak pelatihan yg jadi rekomendasi
51f78f84-9164-4ecc-8919-d6fff37821cc,Keren ğŸ‘ğŸ» Kominfo memberi sarana prasarana agar UMKM di Indonesia maju dan berkembang ğŸ‘ŒğŸ»ğŸ¤—
39c229e1-7e85-4eba-907f-7f589b8ffc44,Program pelatihan yang sangat menarik yang digagas langsung oleh kaum di semoga aplikasi ini bermanfaat bagi seluruh warga Republik Indonesia
2c564f46-defc-41b2-9b5b-c9a3c32667de,Aplikasi nggak bisa dibuka. Sebelum lounching mungkin perlu observasi dulu.
17d42b75-0c00-40f2-85e5-332233c9e030,"Semoga dengan adanya apl digitalent mobile bermanfaat untuk belajar, menambah wawasan, pengetahuan terutama solusi mencari suplayer dan mencari banyaknya customer dan semakin berkembang usaha dan bertambah omset / pendapatan."
32436871-882a-43c5-b69b-529288a1a4bd,Tolong di perbaiki yang untuk bagian domisili untuk pengisian kecamatan dan selanjutnya tidak ada pilihannya hadi tidak bisa melanjutkan pengisian pendaftarannya
ceaf271a-6032-4253-a72e-8852b1236d5c,"baru aja bikin akun dan udah verifikasi, tapi pas login email dan password salah terus, saya sudah bener bener ngetik email dan passnya. mohon jawabannya"
b4b01933-e0d3-466f-857a-28b1e1457435,Cukup bermanfaat sebagai media dan sarana penyelenggaraan pendidikan serta latihan di era digital
d1a524da-7e3e-4046-b130-2bf41dd84861,"Banyak bug nya, sering logout sendiri dan request time out, saya harap dapat diperbaiki"
a1f0f476-7510-4ff7-ac3c-b18384d2ce59,"Aplikasi sampah, mau login ja susah.masa email/password salah melulu..."
ae33d210-ae96-4844-b613-88b5211a2f44,Aplikasi nya di handphone saya tidak bisa login alias error Handphone saya Xiaomi Redmi note 4 Kenapa ya pak?
b661f2e9-5a94-4b22-a84f-2603cf237081,"Sebenernya nggak terlalu berharap si, cuma lucu aja apk pelatihan tapi pelatihannya nggak ada sama sekali."
ccc2d6b9-67ac-465b-82c7-99abbc407297,"semoga makin berkembang dan dapat mengembangkan terus skill dan jenjang karier pengguna nya, aamiin."
65b13951-687f-467d-8ff5-8d47554b0a08,Semakin maju. Nanti ajak juga aplikasi lah basis dan bisa yg begini. Jadi lebih mudah dipahami
e2f284f0-7539-498d-96c3-ecd2c20c2e9a,"Kinerja aplikasi sangat buruk, buka tutup menu sangat lemot"
f46d1468-2275-4140-865a-d4c8cf785547,"Bagus dan keren ,bermanfaat untuk generasi masa kini untuk mengikuti pelatihan yg di minat"
99eaf15b-a81b-415c-93cb-155f83c379e1,"login gabisa, bisa login nanti logout sendiri karena sesi habis"
737ae58d-85ff-4282-b272-ab2787df001d,"Mantap, bisa pelatihan gratis dengan kemajuan teknologi yang semakin maju"
21335609-79f4-448d-a09d-fbe8a1d4020c,Sangat baik dlm pengimplemtasikan pembelajaran melalui digital
41ac40e5-2ecb-4a01-849a-2c7074bba699,Infonya uptodate! Jadi makin terbantu kita dalam mencari pelatihan
3b2007ce-fe7e-4fb9-a110-f5ab39903848,"Gabisa masuk. Padahal baru aja daftar. Keterangannya ""email atau password salah"" mulu"
346f089d-5f15-40ad-826d-da7f03bae6c3,Untuk server dan fitur fiturnya tolong diperhatikan lagi
a0c16f45-a5ab-4cb5-815a-fbb2ee38ee99,"duh padahal masih SMK blum lulus mau ikut ga bisa wkwk,sayang bgt padahal mau belajar jugağŸ˜¬"
543eb26f-8b51-4168-b929-9efd15c3a0bb,"Aplikasi kocak, bug nya banyak banget ini project managernya kek mana bisa lolos big gini bnyaknya"
8552c196-cf0b-448a-9007-c0c13bcda550,"Gagal daftar berkali-kali gara-gara gabisa ganti domilisi, padahal di keterangannya bisa ganti dom 2x dalam sebulan."
1705fdac-36da-4e46-95b8-0b2a0d1a51e4,tolong lah diperbaiki buat daftar aja milih universitas loadingnya lama pada jaringan lancar. leg waktu milih data universitas
0df03c04-e05c-4048-bd1b-7a55c6eea42c,"Crash turus, aplikasi jelek, jelek gini dapat 4,8 ada sudah logging app terburukğŸ‘ğŸ‘ğŸ‘ğŸ‘"
b3135ff6-2b48-4268-9fc4-067a17702099,Susah sekali daftar banyak salah sandi. Padahal udah bener.. capekkk daftar nya
3a8a3105-6b2f-46e0-ba02-8555197e0c4c,"INI GIMANA YA!? SAYA PERNAH BUAT AKUN UDAH LAMA, TERUS SAYA UNINSTALL APLIKASI INI DAN SEKARANG SAYA INSTALL DAN LOGIN KE AKUN SAYA YANG LAMA UDAH BISA LOGIN, TAPI SURUH LENGKAPI DATA DIRI GITU DAN DISITU ADA DISURUH ISI NO KTP, SAYA UDAH LENGKAPI DATA DIRI TERMASUK NO KTP SAYA, TAPI PAS SAYA SUBMIT MALAH ADA NOTIF ""NIK SUDAH TERDAFTAR"" ALHASIL SAYA TIDAK BISA IKUT PELATIHAN APAPUN YANG ADA DISITU KARENA NIK SAYA SUDAH TERDAFTAR PADAHAL ITU PAKAI AKUN SAYA YANG LAMA, ANEH BANGETTT, TOLONG SOLUSI"
651f0067-eb15-43e2-8c8f-ccae3e112c59,Mau daftar ga bisa-bisa. Padahal kapasitas hp dan jaringan internet bagus
9784d48b-7b74-44e3-91be-2ce8693a3049,"Pilihan pelatihannya banyak, dan aplikasinya simpel"
c3080303-3cfa-4d3e-921b-6017acd94a89,Aplikasinya bagus banget
44367a90-289a-4dd6-a2bf-0d7467e42a39,Sangat membantu utk menunjang pendidikan & pelatihan
3d5adf53-1679-486f-b5d3-dddc236e4ea9,Aplikasi pemerintah dengan desain UI paling masuk akal
a42a160d-de47-4eea-ab97-c18e2be0ad1e,Sangat mudah digunakan
34a89e3c-1c5f-4806-b9f7-17aba36fa6f8,Bagus untuk belajar
e01280ad-3189-47c2-8cdc-9872b25b0e88,"Akun saya sudah terdaftar dari tahun 2020, namun saat ini (Kamis, 12 Oktober 2023) mau login tidak bisa, ada apa, Min ???"
feb49a5a-e588-4f36-a519-fec661eab4f2,Sangat membantu
9273ed1c-346e-4bcc-8ee2-3771406b2e86,"Digitalent Mobile, aplikasi yang sangat smart"
ee90bba6-e2de-48bc-9d8f-da0114c0a5dd,Sangat bermanfaat untuk Talenta Digital Indonesia
d2ed61f4-35c0-47be-856e-61f188f2e9ff,Aplikasi bagus untuk belajar dan ikut pelatihan yang diminati
0d76e3c1-d9f6-430b-9c5c-e922833a6d59,"Baru isi username udah muncul loading, bikin lama isinya"
1789c060-60ec-4566-ad07-2ed1042823c3,Sangat membantu untuk mencari info pelatihan
7d17af91-f1cb-4c2a-ae03-afceb456c4de,Mudah untuk dijalankan
75e523c7-b34b-4a42-af98-2283a3844b56,koq gak bisa masuk ke menu nya min loading d logo nya mulu yg pas awal?
aa44d0f5-fcc5-4127-baf5-1a51ec1a47d1,"Sangat membantu dan bermanfaat, bisa di buka di mana saja."
57abfa80-ac0a-4708-b7bf-cfb62165bcb9,"Pengin tambah skill, tapi lama updatenya.."
4d0e98d8-bdf9-4273-86a4-3a1017dc470e,"Pertama kali menggunakan, loading trus, gagal koneksi"
fcf927d7-f7ae-4d7d-ad8a-0d749ed3a0af,"Belum sempurna sudah di share kemana mana.., Mau melakukan Daftar aja sulit"
f5e24086-de80-48cc-981a-4b604f57f864,Aplikasinya ngebantu banget buat nyari pelatihan!
0b1e42e3-9af5-4ff6-ab99-3889d4012e39,"Ini gimana aplikasinya gak bisa buat login, tapi kalau lewat web bisa"
ae4d96f0-ee79-4641-803d-893d849868a8,"tolong untuk nomor handphone bisa diubah karena nomor saya ganti sehingga yang lama hilang, ini sangat menggangu karena otp dikirim ke sana"
040f8fbd-2cd5-4c98-9464-2d8f206a164c,Sangat bagus untuk meningkatkan kemampuan digitalisasi
67a24750-cc7b-4a97-86bf-d6d60167dcc3,Mudah penggunaan dan membantu dalam mengikuti pelatihan
87a6084c-d373-4d7b-8067-42c2a7b509f8,Aplikasi sangat baik
00288f63-5fbd-40ee-902f-aa02fa8bd822,Sangat membantu kita mahasiswa dalam mencari atau melatih skill baru
72b6306f-9354-4bff-adf3-ab7e71034a3c,Gabisa masuk ini gagal koneksi terus padahal lancar
9afcdd02-631e-4e3b-8b7f-692c57c3aae9,Pelatihan nya sangat fleksibel dan nyaman
181d12e7-93cd-4af7-9d96-04d9d44665c1,Aplikasi ini sangat membantu para peserta yg mengikuti pelatihan
c4be2b4f-eb61-475a-abbc-4317c34a4883,"Aplikasi yg UMKM banget, mngerti kbutuhan , kesulitan & kendala Jd umkm"
6bb9b021-b668-4ad5-9081-96ccd7641297,Sangat membantu untuk menambah skil
cf341e8e-5a4f-4a1e-a47f-34c3cc7a403b,Sangat bermanfaat bagi para umkm dalam mengembangkan bisnis
21b286f8-387f-43dc-aaa6-cdb0dafa61b4,banyak pengalaman baru dunia digital
3bee8e8b-5b9e-424a-b800-ce5a7c5ff186,Sangat bermanfaatğŸ˜ƒ
8a3812d7-73cf-4491-b0e4-02ad1d125633,Seharusnya kalian blokir itu game seperti ml pubg ff dll yang hanya banyak mudhorotnya dari pada positifnya .mikir.... otak korupsi.kerjanya yang bener lah ...ya rajin. Apa gak terima!!!
af417013-f87e-4ffb-95fc-8b7e211b99b9,Semoga tahun ini dapat sertifikat. Tahun lalu ikut sampai selesai tp gak dpt sertifikat
0e6fe484-6b51-4e65-aefa-fbce57f1a097,"Sistem masih lemah , LMS tidak bisa diakses"
28484a25-be3f-4a3b-97d0-fdeacef40dc2,FiturÂ²nya belum sepenuhnya berfungsi
70d93955-0e15-4fbc-a9bb-853abd0fd961,Mudah diakses
5f83e4d5-101f-47a4-b470-a1ae30b0d91c,"Lumayan bagus dan bs membantu pelaku ekraf dlm mengembangkan Usahanya , amg kedepan bs lebih dikembangkan lagi ... Semangat BOLEH LELAH TAPI JANGAN MENYERAH... ğŸ˜ğŸ‘"
231d83a4-3fc3-4a0b-b215-d7c28588e7b3,"tampilan oke, fungsi nya belum di coba"
f42dfbc5-d4fa-45d0-a7ce-b21ad492a770,kenapa enggak bisa di buka ya aplikasinyaa
2247851b-d7a6-4d82-99d5-60d247a30fc4,Mantap dg aplikasi digitalent tambah mudah
33137ad3-62bf-41be-a761-56b942c5ba57,dari kestabilan aplikasinya aja saya udah seneng minğŸ¤©
566dbca2-9f78-4001-9320-58a039d5d384,Mau daftar gagal terus. Tulisan muat halaman. Perbaiki ya
6eaa5b98-5c61-44c5-a991-5b4560cbc4ef,"Bagus sih, buat yang butuh aplikasi pelatihan gratis"
fd6d9e82-0fc7-4875-83c4-2de1602d5003,Pelatihan ini bisa meningkatkan literasi digital
06b3e4f1-358b-437f-a02c-9ad7e60beb44,"proses kelulusannya lama, jd susah ikut pelatihan lain"
b1362b1e-d9a1-4e04-947a-4c38c1216729,setelah di download ternyata tidak bisa membuka dn tidak bisa di gunakan sebagai manah mestinya?
4ebd4754-826a-432d-961b-04a618575ca3,"Harapan saya, umur mau 26 tapi belum dapat kerja, minta doanya teman-teman, saya ngga minta muluk-muluk cuma buat hidup sampai 30-60 tahun kedepan udah itu aja terimakasih ğŸ™ğŸ»"
126710b7-af82-4299-89f8-f178a50330c2,Aplikasi sangat lambat dan sering eror
4dbcb9b0-0c6c-47b3-a952-b5cb461952e2,Sangat membantu sekali dalam mengembangkan kemampuan dan bisnis
e2f97a4e-b2d0-4069-b5d0-9cd32dadb2e7,Gak work masak setiap pilih pelatih selalu gagal terus
7553f75b-971c-4f21-9b28-a671a182c8b3,Hayuk para pelaku umkm segera ikuti pelatihan yg ada di digitalent. Pokokny bikin kamu cepet naek level deh.
230f9de6-77df-41b9-8234-01d77603820d,Data pelatihan saya di mobile dengan di web berbeda
1ec1e30f-1880-4e59-949e-b99d20c9d8fd,Sangat bagus untuk mengembangkan bisnis di dunia marketing
8d677ba0-d421-49d7-92c2-314acf57b6fd,sesuai dengan fungsinya
b3e6ffcd-046e-4a64-b11c-5fbd0e6ca26a,"Banyak bug, delaynya minta ampun."
124c9395-d7f2-4d18-a1ac-34039653b2d0,"Ga niat buat, banyak bug sekelas kominfo aneh"
93543c10-7de8-4db8-abff-5bf05d66e7d0,"Pelatihan ini,Sangat membantu dalam menciptakan SDM Yg tangguh dan bermutu, khususnya generasi muda dalam mengembangkan bisnis Digital,Dengan adanya sertifikasi dari Kominfo ini!Terimakasih"
064abef9-8780-42d2-af6f-a60f946b843c,Sangat membantu pada saat pelatihan
f5fb88ff-8863-40bc-ae3b-a9310e62b4f8,"Asik sekali dari HP bisa belajar ilmu yg hebat, trims Kominfo Digital Talent"
2d5e4dde-3b8b-48d7-afcc-4013abb26818,Aplikasinya cukup membantu untuk proses pembelajaran
9d357616-a5c1-45d6-a7e1-f0bcf66cae65,Terima kasih digitalent sering mengadakan training tiap tahun.
11791e80-e179-40a7-879c-3124c6440efc,"Sangat bermanfaat, banyak ilmu dan sangat membantu"
ebd241f6-2416-4c29-912a-3bdddf7fe353,Pelatihan nya banyak dan berkualitas
5c7abccd-186e-407b-b9b6-b56e2c8bda9b,Makin banyak kemudahan dalam mengakses informasi
61fac79a-a6c0-4f10-b840-ecfecfacaaf0,Menarik dan sangat membantuâœ¨ï¸
05cd90f8-d6f1-4745-bc3b-2d7e6f377575,App yang sangat berguna untuk enterpreneur.banyak manfaat nya
df288917-47c8-4702-af8a-ecb9d5e082a1,Menyenangkan menelusuri pengalaman baru digital
96a15fe6-abe8-458a-a8ea-735c3c7393b4,ok sangat membantu. program diperbanyak untuk membantu / menunjang d.dunia kerja & usaha.
d5520502-abc9-4c66-bf43-f3be48312210,aplikasi yang bagus dan baik untuk indonesia emas 2045
9c48d17e-46cf-4fc1-9e29-0c6f4e02018a,saya mau check on nyangkut terus di loading sehabis tekan tombol check in
c2079131-8ab0-406b-90d7-71b7c90e0c68,Sekelas kementerian kok website dan aplikasinya lag wkwkwk
0a0d60b1-98e3-44a7-a833-187064e76e8e,"Di tampilan awal tidak memberikan opsi daftar akun, jdi harus bukak dri web"
fc136642-3fa1-4322-b34d-4e0a73abee8d,Tidak bisa di buka apk ini lemot banget
db3b111c-c77a-4e1d-810c-72406874346b,Terima kasih kakakÂ² nya baik dan saya sangat apresiasi terhadap keramahan kakakÂ²nya terima kasih
fcf5e177-4bb0-4398-86ec-b5ef0ec2106e,Bagus untuk mencari kursus secara gratis
57032e27-1dd4-44a6-92f8-3984f7ed3852,Semoga dapat memberikan pelatihan2 yg bermanfaat buat banyak orang
cd62aae6-7945-4c27-b161-3989cf2e5009,Alhamdulillah lumayan terbantu dengan adanya aplikasi ini
07fc5a1f-e81c-44f9-bfbb-b538a8882015,"Sangat bermanfaat unt menambah Wawasan saya, Terimakasih ğŸ™ğŸ»"
005486e3-d518-4f1b-a200-b3d0e7c88b8c,Selalu memberikan ilmu2 yg bermanfaat buat para pelaku usaha dan umkm lainnya
8359a1ec-3714-475d-98a5-cf7f25864b08,Sangat bermanfaat untuk pengembangan diri
2714337e-5650-415b-a54e-facd4d649266,Good app mantap terus maju kominfo
91cd9766-1b07-4451-bdd0-2c362d3c75ea,Tidak bisa dibuka sama sekali
3b965b60-4d6c-45f4-8903-f6cb4d512f71,Terima kasih Kominfo
78203568-f788-4013-a5f7-48a8ae2f282b,"Aplikasi ini sangat bagus sekali untuk mengupgrade pengetahuan,joss admin ğŸ‘ğŸ‘"
0e462af9-f8af-404f-9686-f98919666319,apps tidak bisa dibuka
5fd4b1c6-3223-4921-91c8-9d171b0995b2,"Lain kali hire QA juga ya kak, aplikasinya aneh"
f93762c9-ba57-49d0-b938-04c24514edf8,Boleh dicoba
9e8c43e6-9d5c-49f0-90b1-1592947977b9,oke lg coba
c56ba0b6-e775-477b-8ba9-1ecd0aaf5fdb,Daftar gagal terus email pw udh bnr2 sama loh ampe bikin 4x sama ajapun ga jelas
003da890-6278-4314-98ad-080cad799a9e,Tetap eksis dan mantapp
9f2f3029-caf5-4f5c-b6e6-112ad9d4417d,Aplikasi ini blum terlalu faham sy gunakan
54e0487a-5b9d-4c6d-83a5-1617aa9a6923,Susah absen.. error' terus
459fb59c-1fee-4947-ba54-368038a03dfa,Layanan ini seperti masih beta dan sudah di publish
5e7b44ff-bb21-4e81-82fa-20c1fd0ea06e,Menarik dan sangat bermanfaat
6cfcc92c-4f70-48db-83bf-ee9f12d2e465,Aplikasi hasil korupsi
3b464fff-8b01-4863-bac9-ab9de5e01d6f,Kok yg muncul logo android
211d920e-897b-408f-9c3a-8e1e3642b116,"Aplikasi sangat membantu,keren kerenn"
a1a1f8f6-21bd-4b63-859d-97222fa58dff,"Aplikasi yg sangat bermanfaat untuk mendapatkan informasi seputar teknologi terbaru, Informasi pengembangan UMKM dan Perkembangan para Entrepreneursip."
3d6b9e0a-6bcd-490c-88b9-0a42779098a7,Masalah absen untuk pelatihan nya itu tolong diperbaiki lagi ngerugiin yang Makai ğŸ˜­
4f8bf48a-8bae-4917-8d9a-da16480da17f,Bagus bermanfaat
5c5d9ad1-c761-40de-901f-34270b4f70a3,Informasi keikutsertaan pelatihan di web pada perangkat komputer berbeda dengan tampilan pada aplikasi smartphone.
e571d574-36cf-4164-888b-6b59749a63c4,Appikasinya keren dan luar biasa
85ca3168-258b-4f65-acf6-3e9b1312a4cc,Alhamdulillah bisa sekolah lagi Terima kasih digitalent
e0909c7f-0e3e-4033-8bdf-3987968817e5,Nice aplikasi untuk pelatihan
8b45592d-411b-47dd-b07d-a1a0f3532793,Mantabs yg nggk tau jadi tau terimakasih admin
e5bd8035-b54a-48e5-9e52-010c23080f55,sangat membantu utk memilih pelatihzn yg ada
1bcd174c-3eb1-4635-82e0-ce21c4bcdc14,Gaada anggarannya kah ini apk? Tolong perbaiki lagi
e63c9998-1ebf-4c93-a491-ceb0363bcecb,Terimakasih Digitalent Mobile
a77af752-26f1-4bf2-9ddd-fec437302d48,Seneng bisa gabung disini banyak peluang mengembangkan bisnis
a1957d68-e702-44db-a80c-c59c9f6e9e91,boleh nggak untuk junior web dev ada bahasa javascript
50b0141d-c423-4129-9adb-33ba9086c08e,Mantull dah ikut 4 pelatihan lancar semuaaa.. kelas2nya uptodate pematerinya keren2 Kominfo
7d6a42f2-927e-4ebb-9f15-6936c9395695,Dengan digitalent saya dapat mengakses informasi pelatihan yg diadakan oleh Kominfo
6bd089a6-0464-405f-8114-649a3dd43000,Terimakasih semoga bisa bermanfaat sebaik mungkin
56bc5ef7-5376-4ff3-bc3b-6a3d3e7e3d83,Dahlah capek sendiri sama appnya
6df85fe6-067e-4ad3-81da-ca4102658408,Mantap buat informasi pelatihan VSGA
576c83fb-62a6-4b0b-a370-66bb846b2433,"Bagus, dapat diterapkan"
50ce5d04-f72e-4817-b5d3-649bd3a7db3b,Saya tdk bisa menginstal aplikasinya
e54d4cce-9ae1-4293-9ef0-476cd9848f37,Bergerak bidang sosial khususnya dalam tanggap darurat bencana
c2579512-f109-4a5c-8d31-1b64d69b2a32,aplikasi yg yg tidak berguna
ef3134db-f1a0-45af-abec-b185d1765f0f,Sangat membantu sekali
cef5b331-1f34-4473-8632-9d5ef886e253,Bagus respon cepat
fe620784-3662-4be4-8063-bb5e88df7202,Wadah pengembangan diri yg supportiveo
6a4a7f84-9cc3-4943-bbb4-c37a28c93db7,Saya tidak bisa merubah data diri
6793614d-96df-4b48-825f-50f571a4c4d4,aplikasi bagus dan sangat berguna
bf7b58ae-ea38-4982-ab64-cd7d58cd111c,"ribet, kok pake zonasi?"
86c03b40-bec6-487c-8f62-52cda4cb2cd3,Program / Aplikasi yang sangat bermamfaat
e4ba723b-dba4-41a8-8060-b30fac22d8eb,Semoga Aplikasi Kominfo Semakin Baik.
f835a238-ae98-4033-8bd9-d42476e405a3,Aplikasi yang membantu proses pelatihan yg diselenggarakan oleh KOMINFO
3be28f2f-cf0b-4530-8c41-c52065a833b7,Pelatihan yang bagus!
8a44f236-9203-4c64-bf91-29a26dee59a0,Bagus dan lengkap
8aa29dab-3ee1-4d95-a50b-bde75417597c,UI UX bagus
d8e3ae3e-1f53-4cd2-aa85-abf220dfaaac,Aplikasi sangat membantu digiers ğŸ‘
24f2d88d-e635-45ae-9faa-1cae3b299c43,Bismillah besok kita pelatihan selama dua hari ğŸ™ğŸ™â˜ºï¸â£ï¸
777eda06-5ea9-44fc-96f3-82149ff0fd6f,Gak bisa masuk.. pdhl pelatihan tinggal besuk
fcf22efd-5930-402d-ba36-5617e69788a0,Jelek bgt apk nya di akses loding lambat
46c3c22e-7a07-4f4d-9de0-7360a258e6e8,Aplikasi tidak userfriendly
e0ec3594-50a4-4f17-9dd8-8c37f221d36c,bagus bgt aplikasinya
06918dba-9a03-4b16-aa59-d235a8fae208,Bagus dan bermanfaatkan
07115376-fdde-4168-86c7-c61157568a8d,Alhandulillah menambah ilmu di bidang gidital
cfd0d976-351b-4b81-aaed-9d75d3779c1a,Mantap aplikasinya friendly
ca3bdcae-f335-48a0-a5a2-58d82f339ab2,"GANGGUAN INTERNET, SERVER SUKA LAMA"
7b02f50b-f687-45d9-a5b0-2189062613ae,Aplikasi ngak bisa di buka
a2fea034-101b-49ae-9e7d-44e8efe2dae9,Mohon perbaiki total aplikasinya dan evaluasi tim vendornya
3e153bc2-3890-4954-ac6e-1dd781a6374f,Semoga bermanfaat untuk bangsa dan Negara.
e10944c7-1d5b-4d13-a72a-bed55898201a,Gak bisa daftar
87c20222-dfe8-4e6c-b43d-ff53cf16425c,Bagussss udah 2x ikut pelatihan digitalen kominfo
ee8e6494-15b4-4c29-99a1-2c70ccf2f428,"Jelek, loading lama"
e484b6c8-f949-4304-9f78-86139025f381,Bagus dan rekomended
6170b956-f338-402a-a7ef-8eb01b6bfc97,Mantap sangat membantu
a5d91316-d109-4cd8-a97c-398ca49502db,Mudah untuk belajar
f64fa324-3ce0-454d-9729-c7544044d2a3,Kadang sulit mendaftar akun
633004eb-86e0-49e6-a5b1-d2fcee6522f5,Semoga bermanfaat bagi kira semua
3054d07c-d3bc-404e-916d-6788fb586267,Banyak sekali ilmu yg di dapat
e97fb2f6-39e8-4fce-afeb-b62aa1e8bc2c,Oke bgt buat tambah slikk
d80d190e-2cd0-48d4-9b59-f205360ff51d,TIDAK BISA LOGIN ERROR 500 TERUS
7aaf159f-cd26-4090-ba7a-ff9aeb6f2b8e,Aplikasi ngantuk ini mah
f4893bae-2b2a-4fef-bfa1-a3c0a8ba75d4,Dulu pernah ikut lomba MTQ di wisata dander dapat juara 2 sejawatimur
63632f5f-9850-418a-aa6a-85c85b2bcd71,"Ditunggu pelatihan"" selanjutnya ğŸ’–"
5f95265a-0d28-459c-97c2-a54303500482,Bagus banget aplikasinya
fcb0ddd8-b753-47f9-9055-ad3daee44203,"jelek, tiap absen ngebug terus"
a0869f9c-b892-4377-813d-48fc4a2c5acd,Informasi mudah d dapat
ac8051df-edd4-4e77-8466-313c14a854ef,Mantap Semoga mendapatkan ilmu yang bermanfaat
c1d62ca6-302f-4395-bf2d-55aa8d81cc77,"Lagi lagi apa? Yak betul, korupsi BTS GPiring"
390d3084-0154-4b9e-9351-c72288438ef2,Mantab sekali aplikasi inj
8b34dd90-8466-474b-aa3d-7ffdfd0a302c,Keren dan bermanfaat
f4d5275c-ae39-4ae4-b833-eafd44bde61b,Mantab luar biasa
857334d6-cc22-473b-a22c-ebe3391f163f,Aplikasi yanh bagus
413961df-d289-4bab-b2f0-07979cd53ca4,"Mantap, langjutkan"
c936fb96-01f7-4c91-b3ad-84c0406e45da,Sayange to mahasiwa atau pegawai..gmn ysng nasibnya orang umum atau hanya lulusan sma
d1d20a62-46b3-44e8-91a0-d9c294b0b62e,aplikasinya keren
c7da61fa-4a65-4b92-b107-842059657462,Sangat membantu
8adc6e81-fdd1-4f59-8a34-b7a7844b1aa7,Sangat bermemfaat
2f84d26f-4082-43ab-bb16-84f48d4c982e,Aplikasi yg sangat bagus
82c0b5ab-5bc6-4969-a072-4fe34d116c73,Sangat membantu
cd3aaccc-3dfb-4749-91e6-de1904d9f14a,Aplikasi yang sangat membantu
4867ef04-6e22-407c-b497-5a7b1c88f4aa,Nyoba ikut pelatihan.semoga lulus dgn baik
fa0936ca-5b9a-413f-bf88-ba46b6cef23c,Bagus banget ilmunya
f2a2af62-66fe-402c-815c-6c8555e4dc21,Aplikasi yang bagus
8a37690b-02c5-4dc4-a3d7-b0e72cd7cb43,Sangat mendukung
604e90c1-41ee-4153-a7da-d01edb78c48a,"Baru nyoba pakai, kasih bintang empat dulu"
2374a509-b0e5-4954-9364-8d940718730c,Sangant membantu dan bermanfaat
89b908a0-d78b-4f3f-a0d5-bfe43e7ab802,Lelet parah aplikasinya
3c2d45f3-f1e0-4e9c-b5d4-61e8b8345874,Terimakasih. Sangat bermanfaat
d166dcff-f2a5-46de-a24c-c8479ac59118,Masih ada bug
6c8ffcc7-b522-4d75-9055-7d4641b67c01,Baik sekali
f41336ec-1c63-45c9-8529-b68226e33247,Melayani dan mencerdaskan bangsa Indonesia
e8440f8b-1625-44eb-b3c4-82e85339d389,Tolong lah appsnya inj kenapaaaa
7768a0f5-12a0-4862-a445-db623657118e,sangat bermanfaat
b450e538-6e5f-4856-8617-4acb79350999,Kode OTP Ga masuk masuk
e0a1295f-dfba-4792-9a58-e4ff4cbf4f34,Tambahin mode gelap min..... Mwehehehehe
ee862e29-1f29-485a-86bf-d8a6d0672a2f,Aplikasi yg bagus
b1dd006a-3439-4469-a220-0ee9b1bccead,Baik utk digunakan
942b73ad-b746-46dd-bac7-51e7f00501aa,Sangat membatu untuk saya
8a420d8a-8967-4f34-9ebe-dc3ef83f2832,Awal yang bagus
38a54477-9671-465b-b6d2-2bd6cbfa5e22,Sangat membantu
92817920-2518-4385-9e04-c900b1c891bb,Sangat membantu
6bf0aa5a-f896-41bd-95eb-83b2dff35dc9,Mantap pelatihannya
7bb7e212-4fdc-4b9f-ab81-648fa3cc6862,Sangat bermanfaat
4ae9d1d8-f8fd-4ab2-b919-c71f13d55aee,Ilmunya sangat bermanfaat
88392430-1486-4416-97c9-d38eeb10be71,Sangat membantu
e77d00f0-9fe6-4070-a5a2-bad5c776076b,"Oke, mantap nih kominpo"
ee6f6587-ed9d-41ed-902a-23e2949d658f,Cukup membantu
ea3812cc-8ff9-4c47-b77d-a1473d5d001e,"Bagus, terima kasih ya.."
172ea8d5-e3be-4ffd-ae23-af90371a85ee,Sangat membantu
1ddda34f-cfd5-4d33-b376-1d05e0f7705d,Alhamdulillah lancar aja
23a34063-1f33-493d-b546-567ed631d0f0,Sangat membantu
d9a8302e-c28c-41c6-bcce-8a0d8b5ed479,"Mantap, Kominfo Yess"
6ae9abea-681d-43bc-b2d5-84c78cbdad78,Sangat bermanfaat
f18920c2-ccfb-411e-b79b-2cd9f21d3b3b,Alhmdllah.. terbaik dan sukses
3ece92d6-d8f6-4812-8f0d-e50c0cabc7ac,Alhamdulillah nambah pengetahuan
73f4bed6-5818-416a-9c30-d557b2e6e2e7,Mengolah buah dan sayur menjadi kuliner khas lombok
a626f62c-06ff-49a1-ae80-0755073a0399,Banyak membantu
5808283b-02b1-4b76-bbd2-15e340400a6b,Lebih memudahkan
f958dd30-a34f-4953-95a1-bceb3fe6ed00,Bismillah semoga bisa menambah Ilmu pengetahuan
7af5d8f0-de44-4a1c-9e96-cc731bb72977,Memajukan SDM bangsa
b59c58ea-4b37-4730-a88b-25bfd6fe9b0d,Kerenn pokoknya deh
1c29b18c-ef58-4123-83ed-ca534a3e3691,Sangan membantu
1d105c35-9e22-4c80-b5ef-ea848a18c4e2,Maju terus untuk umkm
bd8af352-8303-4201-a639-d539d6b3d399,Sangat mendidik
be833113-ede3-49d7-a45c-e8dd35509e8e,Baru dapet sepertiğŸ‘
2747edbb-a9b2-4e39-b2da-6b58ce33b3ef,"Belum, baru akan mulai"
1ade20c8-ced9-477a-a8dc-e1a323feca9a,Semoga mendapat ilmu yg bermanfaat
8d6f8d4d-c221-4d04-b289-3b565120c015,Maudi pelajari dulu
b4c93187-5b98-44c7-bf84-2dda56363710,Okee membantu
173e70ca-5233-4b63-88b6-79ba0931b50a,Semoga bermanfaat
e3368de1-c01b-473b-a2f4-17acff114738,Mantaps sukses slalu kemmominfo
b3163829-ace5-495e-bf2f-800233d76397,Aplikasi nya ok
8245016d-9545-453f-8f1e-a51904de3843,Masi belajar
64cc443e-b86d-4af6-8365-d844755fadc5,Mud ah dan banyan manfaat
15de1b0d-9d11-4192-9c96-1a0382b25a33,Bagus sekali
65b71c8d-89e2-440f-914d-0501926cee2c,Coba dulu ya
bc65cfa6-8893-4e8f-be1b-d1565c9502ae,Mudah digunakan
c8d3e225-fb6a-46a4-ab3b-1dd29ba48b80,sngt membantu
d4abcd92-b2c5-48ac-9064-d05367fafbc1,Semoga bermanfaat
68f85743-daef-4773-9ea3-9fa4e537d231,Sangt memuaskan
467e1d0f-9597-4b75-8b91-651dff4645e3,Yuk install yuk
ce3a02b7-e63c-46a8-9571-1a5055c20984,Tes dulu ya
f19da591-eec0-4726-9502-6ed7e0fcd16b,Yuk ikutan dts
372fd636-0e18-4518-9813-e38f8d260eb6,Keren..ilmu daging
8f307bd4-d133-41e4-83bd-dd942c662e9c,"Mantap bas q, thank all"
ce01bfea-50ad-4f5d-a78b-a08cee6b0c15,Oke
5fc15a4f-075c-495d-a4e9-dc92b61ce8c9,Ok
f9a6798c-c56c-49de-9b76-200a15d4275e,Mantap
73401950-d558-4566-93e0-329dd2b8e6bd,Mantap
fb052add-5421-4d3d-83b5-c147a1e20ea0,Good
918ce130-d082-4b6f-8875-e0fa6725f17c,Good
e6ac44bf-5cce-4806-822e-dc48b28e7ef2,Oke
068ef912-ce51-4c49-bfe4-f06631e648a0,Goksss
a6651aa1-304f-4ad6-aa82-e386aeec968c,Keren
6c038f9a-48f8-4f6f-bc63-22f35b537669,Ok
ece17c25-feb1-4156-95fe-761083bfc9c9,Great
6afbc720-e50e-47dc-814d-4974fa8cb80b,Bagus
dc18af90-1f97-43e2-b5e4-5d6896922eab,Bagus
130f3eb2-2020-485b-9576-39b7874c6418,Kerennn
8d378fad-abc6-4ff0-a706-71bd3078c847,Goood
b77ac6c1-88d9-43b6-a0aa-f509d4c01a9c,Keren
4987ee17-c566-4d4e-9a0c-1c167580efa7,Mantap
7de388d3-89bd-4592-9e73-db8baa870a53,Sangat baik
e93ef884-e8f7-4481-8751-538a59475228,Good.............................
6381ab69-1b9a-4d3f-9a28-2e25c602a4ea,Bravo !!
44eebc98-b9f4-4f5a-8482-80418ad5c5c9,Mantap
1e5a1cbe-304a-44d4-aef8-f68d0f25988b,Ok
97a87622-d500-4dec-a3a9-53f33ed7f526,Oke
54146f40-0baf-43aa-b323-cd17233bc283,Ok
2d5fbf50-bb60-47a1-952f-5d3ccff93148,Mantap
dfbeb6b3-0ce8-4708-9dac-d2b6d114284c,Mantap
6389782e-1611-4d55-9ee9-54848c321e1d,good job
ecd74426-879a-4f57-bb69-55992c338309,Digitalet mobile mantap
1b1b9f02-942f-45cc-9c02-c79c828dd034,Okeh
725d690f-49b3-4268-9e3a-f272a2e60852,Terimakasih
cde1ebc8-f2f3-4ffa-a4e5-6a107a899c06,keren
4e1b9d88-02d8-4c07-96df-eeae31e4cf5e,Baik
4176efa4-ad38-4133-8fd6-10ff3f589b48,Keren
cab9709d-bfe2-405a-b6ea-0c0d8e6a22e7,biiznillah
cbfe79cf-8053-4ca3-9fcc-cc41861320a2,Good
bf446857-2fa6-4cb5-8392-a542e6d83d8c,Mantap
378e1e62-be05-4857-9e80-9e68c548cccd,Ok
81d5b4c3-fc29-4011-b62d-09e1a1c315b4,Good
6116a43b-101f-4cee-8fea-1ba72fa925f8,Bagus
101316b9-c115-466a-a209-bb3247506731,Bagus
822fd986-9764-4415-b02e-33bf5a812cc3,Amazing
191df3c5-2da7-4518-82e6-f0b8f59107c2,mantap
73842848-0333-41c6-8d09-9686ab2d402a,Bermanfaat
9df888ef-ef8b-4320-a8e0-eaeb724ece92,Keren
2305191b-cf25-40a1-868d-9168a7d2a6ea,ğŸ‘ğŸ™ğŸ™
9b1301f5-cdff-4e49-9b1c-8ad38ce4b63a,Well done
dafcf3b0-59ac-4432-b6a6-30897fecf3bc,sangat baik
9cca080a-5397-4949-b8c8-6ebd957e1c01,â­â­â­â­â­
3f56e182-ae8b-412b-88e3-edb5cb39b270,"Hai nama saya Arief Wijaya Putra, saya dari Indonesia Why me the Unknown Google Sir? How it can to be known atuh Ma'aM?"
3e40964d-d3c9-4bda-acaa-37c07e88c41b,Helpdesk slow respon
40baa4fd-24a0-4477-a9ec-656d02dc93c8,Keren
4fa14532-34ff-4d6e-9ac7-cd7781404750,Mayan
ddac1967-7034-4507-8666-e4ec511a1901,"Sangat bagus,,"
5a495110-1d37-4e48-8b79-302babbfe924,Thankyou Digitalent!
eee06109-496d-46af-8ec3-16dee671cbd8,on precess ikut pelatihan
db54f17d-b014-4c0e-ac43-45023abd93de,Mantap
44c4034f-966b-481d-aaeb-586fdd0065cc,kreen!
1c796011-c921-4b6f-bbc9-5a4645a57f48,Lambar
a00676d6-cd80-409b-b885-0a1fef690bf8,Keren
936a155b-35b7-4ab3-aa5f-6e8ded73c97e,Mantap
652fb204-6825-4f52-8bc3-cb1c3de49dcc,Good
b60a9dff-7034-40d8-9e6e-a39177324fd6,KEREN
0d13b08f-a318-43c2-b071-78601ee0ede7,Ok
d1f6a102-9730-4bcd-8af0-7b48ca7286dc,manteb
8e829ffa-a68d-4525-8e19-a7382c1eab1a,Good
17799dbc-48c4-475b-a66b-5005b17a5df9,Good
90333851-c2ad-4f55-8912-bf6b09f99d84,Baik
3cfb53c0-9318-4cf0-bc8a-a2264165a7b3,Mantap
affd799b-70a8-4e97-92e3-f9900ed9e299,Bagus
db107b56-80df-4bce-a72c-16c93a962188,Mantul
dfe69b64-120a-4408-aebc-ba95e0adaf41,Good
e5519d74-072a-474b-ae2b-2afc90b643b9,Mantap
eeadc1e2-07f0-4a34-a026-9e3ee2c9e034,good
25b6c95c-cfc5-4007-8725-67b255d83b6c,Bagus
2ae004d7-aac9-4847-8fdd-644059990fee,Membantu
8e36905d-fab8-43d3-9124-7b3d316e1b15,Nice
a5fecd93-83c0-41a3-929e-3c40aebd070d,gokilll
1824b184-768f-4c52-ba6d-629be1a4d563,Good
53155f48-88e0-4dd7-8d17-8134158f4ebe,Oke
2578a5a4-5a63-4170-b973-9a6762e9421c,Good
16bab73e-4422-4f02-b03c-c0e7a03f9350,Mantab
48fe97e5-6b93-48d4-a323-fefb688eb372,Good
7491c3b8-2fa8-42bd-b1e2-fa9e8f8c0660,Mudah
02875316-6b11-4084-a6d1-1d3a7c8b0bcf,Ok
9eadd13b-8c4d-4443-b798-f2c9fdc100ec,mantap
98209b06-7758-4ef3-9830-da62fe87c298,Terbaik
26f2aa2f-8c2c-482c-9420-e2fd8d0c6bac,Bagus
4af58209-6516-4023-8b39-9b225e9a8c07,Ok
5e20ce6a-a845-4f00-b3af-24205e371bca,Majuuu
2f8d0d24-71ae-4926-bcb8-eee1679bb3a2,Bagus
13e4f8ec-12ed-41a7-908e-c7309c7aa40a,Mantap
8f2675a3-1164-4855-bbc9-0ae554327627,Keren
ea5da4c5-636a-45aa-a74e-ac53acf19b02,BAGUS
9ac3c651-80e7-4c07-b10a-4a8f697b8ea6,Bagus
6a4e7106-419d-495d-8b73-0a7817020661,Good
2b014e94-f9f1-4d2d-b452-4c09b0a8fced,mantap
ce46b577-08f4-44ef-955c-c477ae27ef74,Nice
8bbc9476-4a86-4a64-bc64-7d8882ad5851,Bagus
d227a985-58a2-41aa-87a3-f29c08cb8799,Mantap
b50b2646-6a8e-4239-815a-3026fb64f00b,Bagus
9abdbad3-a46e-46ff-b03e-ef11bf47e6ec,Bagus
55182c1e-446a-4400-89c4-e7169b9f4a9e,Bermanfaat
f0371cb7-567d-4dbb-bc11-d384ecf3e963,Nice
3ef0ce2b-345e-4b3a-8d10-11948346c22f,Puas
bf51cc6c-fe46-4dbf-8167-040b3d99a334,Bagus
d8c4c116-efb6-4799-8f2a-002822c897ea,Jos
1fd65d0f-19b5-47fa-a3dd-818b0752f58c,Good
2718d41f-516a-42dd-9275-76a6fa500547,Mantap
7c032579-8890-4c95-9b75-08ab6003ffa2,kerenn
a5b4d80d-06ce-45ea-9a0e-f25229459fd9,Bermanfaat
05ec7b81-2168-46e0-aba9-b2f1ed661987,Niceee
e8854e77-727d-4020-ac3b-d918d2906c72,Bagus
58b6d180-7c0f-427f-b8e9-bfc07d7d49e1,Baik
da973229-928c-453a-895f-4ef75b72a228,Jos
a3d83215-879b-4cce-925c-7e34bce71ba0,Mantap
59c7d45c-bf60-4aba-9f53-558bf487ca0c,Oke
492dd21b-f4e1-4625-9200-f537a1819385,mantpa
2e459834-74d5-4a07-a73d-f317ae741179,Mantab
4149dff0-0074-4e10-9218-e6782381d2d4,Bagus
a6c92486-475e-49a1-9671-03e9427d897e,Bagus
71cef34b-2b6b-4f82-a033-9357c8c998d1,Keren
8133c4c6-dcae-42a9-ba32-ba02ee956261,Siip
111e8f73-cd29-43de-89c8-26e601056990,Bagus
47d46aba-713f-4100-ab1e-549d8fdeca82,Good
ab8c7903-c245-4266-89e5-f4f17a8c6b0e,Mantap
c5bdd7b0-cf23-457c-8f63-90bac86da016,BestğŸ‘
31302c36-1c96-4eec-8971-0b896d65d4c8,Aplikasi bagus
c1cc8b3c-6054-4ff5-84b7-a8e05746e32f,Digitalent oke
668f7e93-5d54-4ef6-ab00-19054a50fafa,Baik lah
19b8773d-885b-41af-8e40-5b928c3e4376,Bagus banget
ca6efe2b-805b-4398-912d-8a129f2d9229,Bagus lahhhhhhÄ¥h
5d2abea1-6dec-4b5d-9277-f5e43091d71c,Sangat baik
599f48f4-bb67-4caa-8ae3-223b344ba7a1,Goood apps
1910f3a0-174c-4ebc-9a61-d1702292966d,Keren euy
1b4ab92b-a2c6-4da3-a252-8eeb40b3cd9c,Ok banget
45f6b9eb-8b3a-4989-b64f-4bbd19d5bc00,Quick resvon
f8e0084d-6554-42ff-94f4-5f31351b8141,Sangat Baik
e96cfe36-c52e-41d0-949b-12398ab7c105,Sangat puassss
898a8096-316f-4d71-9d7d-605999ecda95,Good aplikasi
ce48986f-c81e-4623-8034-848e3c976f01,suka banget
025f88ce-d6b8-43a4-85f1-57b526c2ee5c,NICE BANGET
828c7127-87b9-4c41-8bec-a98ac84cf7c0,Keren bingitssss
85461bb0-0be0-4b08-b8c3-d3f338cfb8ef,Good..
d1edff71-7e1a-4bdc-bbc3-b0682df09901,ğŸ‘
f2956a7d-0359-4fc1-a21f-e6a94f05909c,ğŸ‘
66a7c236-4fa4-43f9-8406-d8337a06ba9c,ğŸ‘ğŸ‘ğŸ‘ğŸ‘
fa14f92f-3e16-4a1e-974e-e0408dbe71a5,"Sangat membantu aplikasi ini, mengikuti perkembangan jaman yang serba moderen....good job"
fb928654-d9b2-4fa5-8717-c28d33ac7d6f,"Good jobs,ğŸ’¯"
8bdbdcd4-4243-4466-9b2f-cdc2c4feeb50,Joz. Very bermanfaat
cf4690db-5760-42f4-a26c-158afca7fc42,Good
748876f9-b0bc-41af-8569-f0f9fb724f13,Mantap
7e9bf89e-7eb2-47ca-b075-77f85085d128,Ok
8ca2fbe4-29d2-4a78-93c7-d3935e6f4acf,Nice
9819f71e-3648-4584-abb4-adcce8a3af81,Ok
5644631b-e9de-4418-bc16-c99c0c97d748,baik
4f3ff9a1-4474-43f7-9fa5-a9c93c2ef2a1,Tempat belajar ilmu baru
545b0fed-4ce1-4beb-bb5d-64530457463e,Cukup lah
0bf1f08e-564a-4e91-913e-2b372bcebf94,Ok bgeeeet
7249ab73-4658-4339-bb29-cfedaec20eb4,Coba dulu
7ec669f3-e043-4445-a9dc-a4fb888ebf82,Platform mantep
e115f0d1-69f8-4b89-90d8-956eddc6a9d8,bagus. mntap
fc3c9390-e2e6-40ce-9faf-a76a4611135e,Fasilitator Pembelajaran Digital
8239bafb-e5b2-4f42-95a6-14bd5fdf9374,Cepat dan user friendly
df37ffb7-b228-4ca7-ac45-16dd11e4a928,Ok
c45a0874-cbd7-49e5-8ec3-9a44be85da1e,Mutakhir
54567bcf-e84a-433b-b309-023136972ebb,Ok
7e8b5e3a-22ca-4547-b4d3-f492db853393,Mantap
3a400745-b25c-4866-8870-8598f379bdfa,Ok
e64554bb-fc51-4e81-a65d-14d518647d04,Bermanfaat
d0e2243a-1c62-4f8a-b5ed-70d6417f8312,Mantap
3a11a200-683d-49a8-a0c7-9f888cdf28aa,Ok
e5ec4f50-9591-41f2-948f-81d85d09c95e,Baik
22cce903-6669-4554-a026-310c1065df58,Keren
18d9c0fb-3e4f-4cc3-abd2-d3a1399b0aca,Mantap
aedf23b6-a29d-40c6-af4e-1c0c8de32f0c,good
8f7410a4-7a73-4096-9e16-48e1bc171ef3,Bermanfaat
556ff21f-d2ea-4d6a-a27c-bda23fca9550,Ok
a6b17925-2c07-4a09-aa64-15d41b06f8e1,Bagus
5cc55f1e-ab74-40ea-88b3-ddfaa1452b0b,The best
dbc9fdc2-c3a3-4de3-ae80-716b8277950b,Ok
29b90b07-be8b-41f7-b837-179880aa8dc8,Mantap
43805607-41f9-4aa4-bad0-49073c9d3b3e,Good
7c4d0b29-2f2b-4ce3-b0ff-3be0aba68373,Ok
8c724bed-3186-4ea9-a9f8-c9d0fc60b6e7,Good
babdb215-a6b4-42b4-9d0f-c6db950cc630,Mantap
4ee47c31-5dc0-4fe5-a696-17268bac4b0f,Bagus
488eb20f-af13-4c3c-8cae-c183eca9695a,Bagus
61817ccd-b969-424e-b1bc-c80500b28633,Bagus
f1586840-2117-437c-b782-5f5a3a4d966d,Mantap
e153285d-dc5e-489f-a01d-bf9adbcea4b2,Good
c6c53ad0-aa47-4fe8-9487-c48d16fc237f,Keren
bebd923e-9198-4e0d-9022-e4a72fa80654,Ok
6acd2677-2441-4384-b1b3-d2ecce3cc1a5,Bagus
c78dfeaf-7644-4782-95ba-3d427e998348,great
631a9b08-813d-4512-b3cf-d1869a5a46f8,good
74bd7cf0-c165-4917-b680-b18c6e5fe7d2,Is the best
7b1153ad-6e3c-40a2-a8ab-14b119ce485d,Terimakasih
2e7b857b-f837-4401-8ca8-ae12f46dbf2a,Oke
53278dfb-eeea-4481-af73-80d54bc6c907,Bagus
5b8a1371-a1dd-4c82-b72c-56c63ba1e41a,Mantap
1516267b-b78c-48f5-99bb-7488db9d6e04,Mantap
913513b2-a877-4cc7-bd81-14628b1a6229,Bagus
f260c88f-536b-4749-8a66-b7a375e205c3,Bagus
77360b0b-2a86-409e-8997-32b6b40dd68e,Bagus
f0e65df4-0a9f-4465-b46a-6591e6b98dd8,Ok
7e23cbd9-f43e-4238-9670-76000fc08cf0,Baik
aa60c40c-b43f-426d-996d-be3b834f4306,Bismillah
17d03d42-c1f6-4f87-94be-b0e1904eda5d,Bagus
1987f7d2-bc33-4e5c-a092-31f73b8be48b,Ok
273cae23-2ea9-44bf-9b58-7d6d75f33aea,Bagus
2279a7ff-a7a1-4855-9f11-f69ebc8a7768,membantu
4dc466d6-3294-4200-93d0-b8c0f6849b18,Mantap
d46a4924-88a0-4c97-8e3a-673d96d30d11,Keren
ca76c9b3-8538-4527-be63-5759384e220b,Good
13e40310-9860-40bf-a31b-53289acbde5c,Mantap
fa65f804-d4f9-4d2a-a9a0-6e1568822354,Good
d97ef7c0-627e-45db-9da4-16974b5c09bd,Sangat baik
e5d49a48-07e4-41d9-8e3f-f398dea5c5b2,Very good
0b7bdacb-30bc-4535-b47f-5d650cede6c8,Good job
664dda4c-707d-4b96-bb49-efe810478eed,Very good
9b94909d-6749-4532-a7d2-116752649f55,Sangat m3mbantu
2bb98c68-1b3e-4314-8af7-15254868db2a,Sangat baik
d20804e7-a395-45f0-ae7d-63f26a218be5,keren sih
337e4d74-4eea-4cbf-bbbc-5dc9f16935d2,Selalu lancar
abf1b482-13c0-45a2-9db4-5ee0ba6305c6,Jos gandos
11a29de5-99d8-4f59-a08f-12f2ed5ce5c5,Oke gas
88d0b1a6-c6a1-411b-bece-65719417e5a0,Sangat bagus
9d1cfbb3-4e3c-4397-962e-4eda84ebf268,Bismillah ya......
89a7f5ec-5fb6-45d7-bfca-02b5b09960a1,Best ğŸ‘ğŸ‘ğŸ‘
812f23ed-828c-4c0a-b623-ffd22a30eb3f,Mantap....
21f6f168-405f-43b1-a7c8-610c442e855f,Aplikasi ini sangat berguna untuk self-development saya melalui pelatihan-pelatihan yang ditawarkan
5393f8b7-cefc-41d2-baa6-e0adf2f7c16a,Mantap
75175ece-3b0c-4b34-9df5-b86431e052e3,Upgrade skill bersama digitalent
be3a32e4-f2ac-41ae-9b24-c9f4b34077ce,Menambah soft skill di DTS
469f6b7e-5a97-4d4f-9840-95668e9f5091,Banyak bugs
de8ff4be-7fa5-4b1c-bf84-9acd4834ed40,Ok banget ğŸ‘
d57aa7e8-bb10-44a6-9a4d-3b564851ac9d,Sangat Bagus...
cc1444f2-9e80-41de-8651-af77c5883bf4,Bagus
f517dcde-4690-4913-ab93-6ff79b12d5fe,Keren
d1887729-f242-43a0-8c02-bf796862f398,Bagus
ee4655bf-e2ba-490c-8057-ea55d79c463d,Bbagus
7a203751-b3e2-4516-b86d-2b84d130247e,Terbaik
2d7e3c02-3803-46b8-9c54-a4504f439af3,Amazing
c8857d3b-c078-4154-a30d-a58953636f47,Bermanfaatt
9ff9a952-3f89-4334-8b7c-814e3d740753,Terbaik
28e8b59c-cdbc-4011-be22-a30bd7d1c026,Good
84590479-0352-4a6b-8384-c0ec580a5906,Kereeerrnnnnn
f46c56e7-82ea-4cb2-b017-0d0a76761652,Keren
62f83015-3f13-46e4-9671-b9633eef154c,Mantap
b4f3e850-53eb-4911-bb2e-ce4058214c28,Good
8fdab55f-e6a3-408e-bb6c-4514988795f1,Kerenn
9dde28dc-a862-4d9c-a76f-dad8f9a36d9e,Mantap
37dd8417-1d49-42d3-ac12-f600a6e9d687,good
faf25dfe-e60e-496c-8614-8f5242dafecf,Good job
66d64a02-99f2-4cf7-b155-688cc6130063,Good apps
05779bd3-5af0-46d3-a97b-f0d5630db774,Apik poll
683c25a2-3296-4e2b-b688-cd7fd9eac3a4,Good job
90238a41-cf6f-4287-9b3b-ec6ae96ca8e9,Note : type 'String' is not a subtype of type 'int' of 'index'. Saya tidak bisa login.. 16 Oktober 2023 jam 19.00.
d7a92e10-621e-4c03-a377-2a5f0ad92f3b,network error pdhl 20mbps anjg
fdc9e256-ebd4-4859-aa7d-ded3fe02c11d,Auto logout
b010fb3b-e9d6-442c-9280-36e46c868f05,Istimewa
f45fb106-027e-44b0-b876-c4aa85189d4e,Terbaik
802e3c99-433a-4308-bf8d-ef99ff1d2253,Good
bb659722-5aa9-4e17-8dc0-d2b7c95a40a8,Nice
42d21f02-9060-4f56-a682-0e97df916d68,ğŸ‘
ff192d1a-fe7a-4f2b-afe1-cac5d6ce692a,Hebat
4408898a-e0fd-4809-b901-ceba48a23ea2,"Best, Alhamdulillah"
bdb76757-f6f4-4944-a747-e2fdbea0249f,Bagus
58954fb2-3b19-4570-9973-1f6f498d322f,sukses selalu
6045e377-7aa1-43a8-a25c-aa2f2839cb90,sangat baik ğŸ‘ŒğŸ½
baa554eb-9a2d-4ec5-ab1a-9c2e82565b2a,good
ac63d45a-01e5-48cb-9e13-39660c04e58c,ğŸ‘‹
b698f37e-16e9-4931-a9f3-1d67a90940a4,Banyak bug
d7a52e78-84c4-4593-b2b6-626bb1ab0206,Ngecrash blok
307a6dfc-44b4-4b43-97a2-f83400338ce3,Ampas
a2a25034-9623-4e3f-a9e2-8656ac16fc4c,Ok
efbc8577-1253-4894-8e0e-fbfc520af1cc,âœ¨âœ¨
8761db31-8f7a-43ed-a06c-018301267d64,Bagus
8d16ba1a-00b8-4376-834c-b248407b5952,Bagus
e23feccb-4e30-4324-afca-a34903cb6b11,Bagus
a28124a3-871e-4f02-8b62-1e9f30106ad0,Ok
d3a1564f-ec49-475b-b7de-688f4074b8f0,Good aplikasi
9f10887f-fbc1-41f8-adf2-1643bff7d797,Ok
13a64f9a-9f55-472b-b258-106b5c65d23c,Good
e72c8cd7-ec46-4207-965f-f69c5f2a50b9,Mantap nih
e1e7c6cd-0d85-4848-a429-b83500f97a25,Sip lah
5ae44b16-3635-467a-9bb2-a6a16fdff4da,Mantap
315ae7b2-886a-4d2c-885c-ecf633069ea1,Akses lambat
920c7b1c-f7f9-4b92-9a47-e5a9ed54eb00,Kosong
3849a4ff-d708-4373-9cb3-3fea957f647d,Mantap
5f3359ff-0985-4d14-942a-7f02b8663d05,Keren
af2d03ee-7359-449c-8f9a-56c3ca77de67,Asyik
52147583-814e-4e6e-b9bc-885a6f7a3016,Nice
ea957d73-53b5-4fe5-b26b-a1b95d7806c3,Mantap
6716bdeb-ebe7-4ac3-86ca-5303089b31f8,gas
3f031ec7-a9de-4f8c-b1e8-86bd0361ee59,Segera
1c35320c-00d5-4267-9226-b3211cfb720d,Bagus
9bd94043-f2b2-4026-95af-64a420a5258f,Mantul
d8bd46ea-2e75-439c-92a4-42fefef17a96,Ok
549da5d1-2267-4d2e-b24b-b65e37c3b32f,Ntapz
e5a3804b-3de9-477d-a184-6d6a72b3decd,Ok
13208ca8-6d6d-4317-8c9b-6e3d4ac8cc99,Terbaik
ea209ded-5268-47f0-83d0-d06a464b1d77,Keren
5f6789c9-24f5-4f76-83c2-fcd0979513b2,Bermanfaat
5fbbda59-6515-40a8-9c8f-d13ea6fb2474,Baik
f1be8de5-f75c-4688-93a7-4042247a07fa,Oke
933b2148-31fc-4114-876e-2d21f0c18e5d,Good
d59ef01a-7434-47b3-a3a1-cc53eaaa853e,Bagus
d0caf917-783b-4d5f-8905-af38fd61249c,Good
71275f40-d67b-4107-ae86-6cfbb3ab2ba1,Mantul
beb4cfa7-4da1-47bc-8576-8ddb8c0b270c,mantul
e0742d5b-45b7-4015-a342-e2d18e03d85d,Goood
ace61737-daea-44fa-9e53-16a58753a2f0,Keren
1203c623-b0c2-4cec-9171-46efb8c160e6,Khereeen
84619e10-3a2b-454b-b4f4-0a7f24f87513,Good
213baecf-b970-4b2e-8836-9acd9e8921b0,Bagus
79c26221-25ba-4e20-8c5e-e17ae15c7456,Sangat bagus
